{
    "0": [
        -13.160772276693024,
        112.58113678870723,
        -152.22471879979483
    ],
    "1": [
        -13.262721088449812,
        112.52743640533785,
        -152.21802728279695
    ],
    "2": [
        -13.364639195668852,
        112.47372177613559,
        -152.19794557856233
    ],
    "3": [
        -13.466495893812398,
        112.41997865526757,
        -152.16445221922305
    ],
    "4": [
        -13.568260478342701,
        112.3661927969009,
        -152.1175113979189
    ],
    "5": [
        -13.669902244722017,
        112.3123499552027,
        -152.0570729284193
    ],
    "6": [
        -13.771390488412596,
        112.25843588434009,
        -151.98307218908556
    ],
    "7": [
        -13.872694504876689,
        112.20443633848018,
        -151.89543005167528
    ],
    "8": [
        -13.973783589576554,
        112.15033707179008,
        -151.79405279565378
    ],
    "9": [
        -14.07462703797444,
        112.09612383843692,
        -151.67883200885012
    ],
    "10": [
        -14.175194145532599,
        112.04178239258782,
        -151.5496444754866
    ],
    "11": [
        -14.275454207713285,
        111.98729848840989,
        -151.40635205282138
    ],
    "12": [
        -14.375376519978753,
        111.93265788007025,
        -151.24880153787754
    ],
    "13": [
        -14.47493037779125,
        111.87784632173602,
        -151.07682452599295
    ],
    "14": [
        -14.574085076613034,
        111.82284956757431,
        -150.89023726321886
    ],
    "15": [
        -14.672809911906354,
        111.76765337175225,
        -150.688840494922
    ],
    "16": [
        -14.771074179133468,
        111.71224348843693,
        -150.47241931331516
    ],
    "17": [
        -14.868847173756624,
        111.65660567179549,
        -150.24074300705286
    ],
    "18": [
        -14.966098191238075,
        111.60072567599506,
        -149.99356491649428
    ],
    "19": [
        -15.062796527040074,
        111.54458925520272,
        -149.73062229875327
    ],
    "20": [
        -15.158911476624874,
        111.48818216358562,
        -149.45163620723667
    ],
    "21": [
        -15.254412335454731,
        111.43149015531085,
        -149.15631139101856
    ],
    "22": [
        -15.349268398991894,
        111.37449898454554,
        -148.84433622011744
    ],
    "23": [
        -15.443448962698616,
        111.31719440545682,
        -148.5153826435404
    ],
    "24": [
        -15.536923322037149,
        111.25956217221179,
        -148.16910618783882
    ],
    "25": [
        -15.629660772469746,
        111.20158803897756,
        -147.8051460048884
    ],
    "26": [
        -15.721630609458662,
        111.14325775992127,
        -147.42312497866544
    ],
    "27": [
        -15.81280212846615,
        111.08455708921004,
        -147.02264990194726
    ],
    "28": [
        -15.90314462495446,
        111.02547178101095,
        -146.60331173511284
    ],
    "29": [
        -15.992627394385845,
        110.96598758949115,
        -146.1646859605644
    ],
    "30": [
        -16.081219732222557,
        110.90609026881775,
        -145.70633304772574
    ],
    "31": [
        -16.168890933926853,
        110.84576557315786,
        -145.2277990450875
    ],
    "32": [
        -16.25561029496098,
        110.78499925667862,
        -144.72861631735623
    ],
    "33": [
        -16.341347110787197,
        110.72377707354711,
        -144.20830444739937
    ],
    "34": [
        -16.426070676867752,
        110.66208477793047,
        -143.66637132433877
    ],
    "35": [
        -16.509750288664893,
        110.59990812399583,
        -143.10231444079568
    ],
    "36": [
        -16.592355241640885,
        110.53723286591028,
        -142.515622423885
    ],
    "37": [
        -16.673854831257973,
        110.47404475784094,
        -141.90577682603893
    ],
    "38": [
        -16.754218352978413,
        110.41032955395495,
        -141.27225420303859
    ],
    "39": [
        -16.833415102264453,
        110.34607300841941,
        -140.61452850766045
    ],
    "40": [
        -16.911414374578346,
        110.28126087540143,
        -139.93207382799565
    ],
    "41": [
        -16.988185465382355,
        110.21587890906815,
        -139.2243674996547
    ],
    "42": [
        -17.063697670138716,
        110.14991286358666,
        -138.4908936205794
    ],
    "43": [
        -17.137920284309693,
        110.0833484931241,
        -137.7311469958893
    ],
    "44": [
        -17.21082260335754,
        110.01617155184759,
        -136.9446375379058
    ],
    "45": [
        -17.2823739227445,
        109.94836779392422,
        -136.13089514302416
    ],
    "46": [
        -17.35254353793284,
        109.87992297352113,
        -135.28947506223287
    ],
    "47": [
        -17.421300744384794,
        109.81082284480543,
        -134.41996377559047
    ],
    "48": [
        -17.488614837562633,
        109.74105316194424,
        -133.5219853726527
    ],
    "49": [
        -17.554455112928597,
        109.67059967910467,
        -132.5952084305013
    ],
    "50": [
        -17.618790865944945,
        109.59944815045384,
        -131.63935336849923
    ],
    "51": [
        -17.681591392073933,
        109.52758433015887,
        -130.654200244084
    ],
    "52": [
        -17.7428259867778,
        109.4549939723869,
        -129.6395969367838
    ],
    "53": [
        -17.802463945518813,
        109.38166283130498,
        -128.59546764828985
    ],
    "54": [
        -17.86047456375922,
        109.3075766610803,
        -127.52182162506175
    ],
    "55": [
        -17.91682713696127,
        109.23272121587995,
        -126.41876198697699
    ],
    "56": [
        -17.97149096058722,
        109.15708224987104,
        -125.2864945215472
    ],
    "57": [
        -18.02443533009932,
        109.08064551722069,
        -124.12533627901527
    ],
    "58": [
        -18.075629540959824,
        109.00339677209601,
        -122.93572378025245
    ],
    "59": [
        -18.125042888630986,
        108.92532176866413,
        -121.71822062804169
    ],
    "60": [
        -18.17264466857506,
        108.84640626109217,
        -120.47352429450777
    ],
    "61": [
        -18.218404176254293,
        108.76663600354723,
        -119.20247184472704
    ],
    "62": [
        -18.262290707130937,
        108.68599675019645,
        -117.906044350566
    ],
    "63": [
        -18.30427355666726,
        108.60447425520694,
        -116.58536975117272
    ],
    "64": [
        -18.34432202032549,
        108.52205427274579,
        -115.24172392870581
    ],
    "65": [
        -18.3824053935679,
        108.43872255698015,
        -113.87652979093845
    ],
    "66": [
        -18.418492971856736,
        108.35446486207714,
        -112.49135418694394
    ],
    "67": [
        -18.452554050654246,
        108.26926694220386,
        -111.08790252814224
    ],
    "68": [
        -18.484557925422692,
        108.18311455152742,
        -109.6680110438043
    ],
    "69": [
        -18.51447389162432,
        108.09599344421495,
        -108.23363666609558
    ],
    "70": [
        -18.542271244721384,
        108.00788937443357,
        -106.78684461247846
    ],
    "71": [
        -18.567919280176138,
        107.9187880963504,
        -105.32979380963734
    ],
    "72": [
        -18.59138729345083,
        107.82867536413254,
        -103.86472037928696
    ],
    "73": [
        -18.612645145502924,
        107.73753719431714,
        -102.39757807726924
    ],
    "74": [
        -18.631704828094147,
        107.6453791506627,
        -100.98601363519778
    ],
    "75": [
        -18.648648846659768,
        107.55223951280898,
        -99.64869947047853
    ],
    "76": [
        -18.66356642509581,
        107.45815967752677,
        -98.38470695925177
    ],