{
    "0": [
        -20.831232148214,
        116.84120301230213,
        -90.11363195519858
    ],
    "1": [
        -20.831430458241687,
        116.74120317386462,
        -90.11360602212584
    ],
    "2": [
        -20.83162867774581,
        116.64120333535335,
        -90.11352822290743
    ],
    "3": [
        -20.831826716202805,
        116.54120349669459,
        -90.11339855754288
    ],
    "4": [
        -20.83202448308911,
        116.44120365781458,
        -90.11321702603135
    ],
    "5": [
        -20.832221887881154,
        116.34120381863957,
        -90.11298362837172
    ],
    "6": [
        -20.83241884005538,
        116.24120397909583,
        -90.11269836456252
    ],
    "7": [
        -20.83261524908821,
        116.14120413910959,
        -90.11236123460196
    ],
    "8": [
        -20.8328110244561,
        116.0412042986071,
        -90.11197223848798
    ],
    "9": [
        -20.833006075635467,
        115.9412044575146,
        -90.1115313762182
    ],
    "10": [
        -20.83320031210276,
        115.84120461575837,
        -90.11103864778994
    ],
    "11": [
        -20.833393643334404,
        115.74120477326466,
        -90.11049405320027
    ],
    "12": [
        -20.833585978806845,
        115.64120492995968,
        -90.10989759244598
    ],
    "13": [
        -20.83377722799651,
        115.54120508576975,
        -90.1092492655236
    ],
    "14": [
        -20.83396730037984,
        115.44120524062104,
        -90.10854907242943
    ],
    "15": [
        -20.834156105433266,
        115.34120539443985,
        -90.10779701315957
    ],
    "16": [
        -20.83434355263323,
        115.24120554715243,
        -90.10699308770988
    ],
    "17": [
        -20.834529551456157,
        115.14120569868503,
        -90.10613729607606
    ],
    "18": [
        -20.83471401137849,
        115.04120584896388,
        -90.10522963825363
    ],
    "19": [
        -20.83489684187667,
        114.94120599791526,
        -90.10427011423798
    ],
    "20": [
        -20.83507795242712,
        114.84120614546539,
        -90.10325872402434
    ],
    "21": [
        -20.83525725250629,
        114.74120629154052,
        -90.1021954676079
    ],
    "22": [
        -20.8354346515906,
        114.64120643606694,
        -90.10108034498376
    ],
    "23": [
        -20.835610059156497,
        114.54120657897087,
        -90.09991335614691
    ],
    "24": [
        -20.83578338468041,
        114.44120672017858,
        -90.0986945010924
    ],
    "25": [
        -20.83595453763878,
        114.34120685961629,
        -90.09742377981524
    ],
    "26": [
        -20.83612342750804,
        114.24120699721028,
        -90.09610119231051
    ],
    "27": [
        -20.836289963764624,
        114.14120713288678,
        -90.09472673857334
    ],
    "28": [
        -20.83645405588497,
        114.04120726657206,
        -90.09330041859896
    ],
    "29": [
        -20.836615613345515,
        113.94120739819236,
        -90.09182223238275
    ],
    "30": [
        -20.83677454562269,
        113.84120752767393,
        -90.09029217992023
    ],
    "31": [
        -20.836930762192935,
        113.74120765494303,
        -90.08871026120715
    ],
    "32": [
        -20.83708417253268,
        113.6412077799259,
        -90.08707647623953
    ],
    "33": [
        -20.83723468611837,
        113.54120790254878,
        -90.08539082501365
    ],
    "34": [
        -20.83738221242643,
        113.44120802273795,
        -90.08365330752609
    ],
    "35": [
        -20.837526660933307,
        113.34120814041965,
        -90.08186392377381
    ],
    "36": [
        -20.837667941115424,
        113.24120825552012,
        -90.0800226737542
    ],
    "37": [
        -20.83780596244922,
        113.14120836796562,
        -90.07812955746509
    ],
    "38": [
        -20.83794063441114,
        113.0412084776824,
        -90.0761845749048
    ],
    "39": [
        -20.83807186647761,
        112.9412085845967,
        -90.0741877260722
    ],
    "40": [
        -20.83819956812507,
        112.84120868863478,
        -90.07213901096674
    ],
    "41": [
        -20.838323648829952,
        112.7412087897229,
        -90.07003842958854
    ],
    "42": [
        -20.838444018068696,
        112.6412088877873,
        -90.06788598193835
    ],
    "43": [
        -20.838560585317733,
        112.54120898275424,
        -90.06568166801776
    ],
    "44": [
        -20.838673260053504,
        112.44120907454995,
        -90.06342548782905
    ],
    "45": [
        -20.838781951752438,
        112.34120916310069,
        -90.06111744137543
    ],
    "46": [
        -20.838886569890978,
        112.24120924833272,
        -90.05875752866098
    ],
    "47": [
        -20.838987023945553,
        112.14120933017229,
        -90.05634574969073
    ],
    "48": [
        -20.839083223392603,
        112.04120940854565,
        -90.05388210447077
    ],
    "49": [
        -20.839175082660862,
        111.94120948338308,
        -90.05138151413813
    ],
    "50": [
        -20.83926259968544,
        111.84120955468289,
        -90.04891229232557
    ],
    "51": [
        -20.839345841862627,
        111.7412096225,
        -90.0464828966231
    ],
    "52": [
        -20.839424878702065,
        111.64120968689103,
        -90.04409332703966
    ],
    "53": [
        -20.839499779713396,
        111.54120974791262,
        -90.04174358358331
    ],
    "54": [
        -20.839570614406256,
        111.4412098056214,
        -90.0394336662613
    ],
    "55": [
        -20.839637452290305,
        111.34120986007399,
        -90.03716357508016
    ],
    "56": [
        -20.839700362875174,
        111.24120991132702,
        -90.03493331004559
    ],
    "57": [
        -20.839759415670507,
        111.14120995943712,
        -90.03274287116264
    ],
    "58": [
        -20.83981468018595,
        111.04121000446095,
        -90.03059225843568
    ],
    "59": [
        -20.839866225931146,
        110.94121004645508,
        -90.02848147186843
    ],
    "60": [
        -20.839914122415745,
        110.84121008547618,
        -90.02641051146395
    ],
    "61": [
        -20.839958439149378,
        110.74121012158085,
        -90.0243793772248
    ],
    "62": [
        -20.839999245641692,
        110.64121015482579,
        -90.02238806915292
    ],
    "63": [
        -20.840036611402333,
        110.54121018526753,
        -90.02043658724975
    ],
    "64": [
        -20.840070605940944,
        110.44121021296276,
        -90.01852493151623
    ],
    "65": [
        -20.84010129876717,
        110.34121023796808,
        -90.01665310195283
    ],
    "66": [
        -20.840128759390648,
        110.24121026034017,
        -90.0148210985596
    ],
    "67": [
        -20.840153057321025,
        110.14121028013561,
        -90.01302892133613
    ],
    "68": [
        -20.840174262067947,
        110.04121029741104,
        -90.01127657028171
    ],
    "69": [
        -20.840192443141053,
        109.94121031222309,
        -90.00956404539517
    ],
    "70": [
        -20.84020767004999,
        109.8412103246284,
        -90.00789134667505
    ],
    "71": [
        -20.840220012304396,
        109.74121033468361,
        -90.00625847411963
    ],
    "72": [
        -20.840229539413922,
        109.6412103424453,
        -90.00466542772682
    ],
    "73": [
        -20.840236320888206,
        109.54121034797015,
        -90.00311220749431
    ],
    "74": [
        -20.84024042623689,
        109.44121035131475,
        -90.00159881341956
    ],
    "75": [
        -20.840241924969618,
        109.34121035253578,
        -90.00012524549979
    ],
    "76": [
        -20.840240886596035,
        109.24121035168982,
        -89.99869150373205
    ],
    "77": [
        -20.840237380625787,
        109.14121034883351,
        -89.99729758811317
    ],